Collid,start,end,name
PS100080,1/24/2021 18:00,1/24/2021 22:00,January
PS100080,2/21/2021 18:00,2/21/2021 22:00,February
PS100080,3/21/2021 18:00,3/21/2021 22:00,Mars
PS100080,4/25/2021 18:00,4/25/2021 22:00,April
PS100080,5/23/2021 18:00,5/23/2021 22:00,May
PS100080,6/20/2021 18:00,6/20/2021 22:00,June
PS100080,7/25/2021 18:00,7/25/2021 22:00,July
PS100080,8/22/2021 18:00,8/22/2021 22:00,August
PS100080,9/26/2021 18:00,9/26/2021 22:00,September
PS100080,10/24/2021 18:00,10/24/2021 22:00,October
PS100080,11/21/2021 18:00,11/21/2021 22:00,November
PS100081,1/24/2021 22:00,1/25/2021 02:00,January
PS100081,2/21/2021 22:00,2/22/2021 02:00,February
PS100081,3/21/2021 22:00,3/22/2021 02:00,Mars
PS100081,4/25/2021 22:00,4/26/2021 02:00,April
PS100081,5/23/2021 22:00,5/24/2021 02:00,May
PS100081,6/20/2021 22:00,6/21/2021 02:00,June
PS100081,7/25/2021 22:00,7/26/2021 02:00,July
PS100081,8/22/2021 22:00,8/23/2021 02:00,August
PS100081,9/26/2021 22:00,9/27/2021 02:00,September
PS100081,10/24/2021 22:00,10/25/2021 02:00,October
PS100081,11/21/2021 22:00,11/22/2021 02:00,November
